{"cameraMode":{"drawMode":0,"name":"Shaded","section":"Shading Mode"},"sceneLighting":true,"audioPlay":false,"sceneViewState":{"showFog":true,"showMaterialUpdate":false,"showSkybox":true,"showFlares":true,"showImageEffects":true,"showParticleSystems":true},"in2DMode":false,"pivot":{"x":0.5597829818725586,"y":-0.6140823364257813,"z":23.129745483398439},"rotation":{"x":-0.0542333610355854,"y":-0.042826518416404727,"z":0.002328852191567421,"w":-0.9976149797439575},"size":91.92831420898438,"orthographic":false}